cell_type,u_statistic,p_value,statistically_significant
b_cell,459971.0,0.055702309738266245,NO
cd8_t_cell,478176.0,0.6390858847346418,NO
cd4_t_cell,515276.0,0.013344218813937624,YES
nk_cell,464546.0,0.1210507982042857,NO
monocyte,466510.0,0.16315013268752876,NO
